{
    "experimental_conditions": {
        "Experiment": "deposition",
        "Temperature": 600,
        "Partial pressure": 0.1,
        "Sticking coefficient": 1
    },
    "species": {
        "1": "Cu"
    },
    "simulation_setup": {
        "Simulation domain (Angstroms)": [
            26.288639206584126,
            25.29625487091716,
            24.785166734856237
        ],
        "Growth direction": "111",
        "Material id (Materials Project)": "mp-30",
        "Search superbasin after n steps with small time steps": 3,
        "Time limitation to search superbasin": 1e-08,
        "Minimum activation energy for building superbasins": 0.5,
        "Activation energy set": [
            0.85,
            0.13,
            0.13,
            0.13,
            0.095,
            0.19,
            0.318,
            0.043,
            0.477,
            0.245,
            0.309,
            0,
            [
                0,
                0,
                -0.3,
                -0.44999999999999996,
                -0.6,
                -0.75,
                -0.8999999999999999,
                -1.05,
                -1.2,
                -1.3499999999999999,
                -1.5,
                -1.65,
                -1.7999999999999998,
                -1.95
            ]
        ]
    }
}